Input,NSE TICKER,TICKER,Matched Company
360ONE,360ONE.NS,360ONE,360 One Wam Limited
AADHARHFC,AADHARHFC.NS,AADHARHFC,AADHAR HOUSING FINANCE L
NSLNISP,NSLNISP.NS,NSLNISP,NMDC Steel Limited 
POLICYBZR,POLICYBZR.NS,POLICYBZR,PB Fintech Limited
Mindspace Business Parks REIT,MINDSPACE.BO,MINDSPACE,Mindspace Business Parks REIT 
JUBLFOOD,JUBLFOOD.NS,JUBLFOOD,Jubilant FoodWorks Limited 
ABFRL,ABFRL.NS,ABFRL,Aditya Birla Fashion and Retail Limited
MAZDOCK,MAZDOCK.NS,MAZDOCK,Mazagon Dock Shipbuilders Limited
PVRINOX,PVRINOX.NS,PVRINOX,PVR INOX Limited
Bayer Cropscience,BAYERCROP.NS,BAYERCROP,Bayer CropScience Limited
SBI,SBIN.NS,SBIN,State Bank of India
VBL,VBL.NS,VBL,Varun Beverages Limited
COLPAL,COLPAL.NS,COLPAL,Colgate-Palmolive (India) Limited
BDL,BDL.NS,BDL,Bharat Dynamics Limited
IGL,IGL.NS,IGL,Indraprastha Gas Limited
IRB,IRB.NS,IRB,IRB Infrastructure Developers Limited
DELHIVERY,DELHIVERY.NS,DELHIVERY,Delhivery Limited
IOB,IOB.NS,IOB,Indian Overseas Bank
LICHSGFIN,LICHSGFIN.NS,LICHSGFIN,LIC Housing Finance Limited
GESHIP,GESHIP.NS,GESHIP,The Great Eastern Shipping Company Limited
MGL,MGL.NS,MGL,Mahanagar Gas Limited
IEX,IEX.NS,IEX, Indian Energy Exchange Limited
MCX,MCX.NS,MCX, Multi Commodity Exchange of India Limited
FSL,FSL.NS,FSL, Firstsource Solutions Limited
JWL,JWL.NS,JWL, Jupiter Wagons Limited
KAYNES,KAYNES.NS,KAYNES, Kaynes Technology India Limited
Metro Brands,METROBRAND.NS,METROBRAND,Metro Brands Limited
ZYDUSLIFE,ZYDUSLIFE.NS,ZYDUSLIFE, Zydus Lifesciences Limited
NAUKRI,NAUKRI.NS,NAUKRI, Info Edge (India) Limited
ADANIENSOL,ADANIENSOL.NS,ADANIENSOL, Adani Energy Solutions Limited
POONAWALLA,POONAWALLA.NS,POONAWALLA, Poonawalla Fincorp Limited
DATAPATTNS,DATAPATTNS.NS,DATAPATTNS, Data Patterns (India) Limited
HAPPSTMNDS,HAPPSTMNDS.NS,HAPPSTMNDS, Happiest Minds Technologies Limited
GMDCLTD,GMDCLTD.NS,GMDCLTD, Gujarat Mineral Development Corporation Limited
HINDCOPPER,HINDCOPPER.NS,HINDCOPPER, Hindustan Copper Limited
CANBK,CANBK.NS,CANBK, Canara Bank
IRCTC,IRCTC.NS,IRCTC, Indian Railway Catering & Tourism Corporation Limited
INDUSTOWER,INDUSTOWER.NS,INDUSTOWER, Indus Towers Limited
HDFCAMC,HDFCAMC.NS,HDFCAMC, HDFC Asset Management Company Limited
RKFORGE,RKFORGE.NS,RKFORGE, Ramkrishna Forgings Limited
OBEROIRLTY,OBEROIRLTY.NS,OBEROIRLTY, Oberoi Realty Limited
ABM International Limited,ABMINTLLTD.NS,ABMINTLLTD,ABM International Limited
INDIGO,INDIGO.NS,INDIGO,InterGlobe Aviation Limited
BPCL,BPCL.NS,BPCL,Bharat Petroleum Corporation Limited
ONGC,ONGC.NS,ONGC,Oil and Natural Gas Corporation Limited
TCS,TCS.NS,TCS,Tata Consultancy Services Limited
ATGL,ATGL.NS,ATGL,Adani Total Gas Limited
UNITDSPR,UNITDSPR.NS,UNITDSPR,UNITED SPIRITS LIMITED
CHOLAFIN,CHOLAFIN.NS,CHOLAFIN,Cholamandalam Investment and Finance Company Limited
PFC,PFC.NS,PFC,Power Finance Corporation Limited
HINDZINC,HINDZINC.NS,HINDZINC,Hindustan Zinc Limited
MFSL,MFSL.NS,MFSL,Max Financial Services Limited
MRPL,MRPL.NS,MRPL,Mangalore Refinery and Petrochemicals Limited
KALYANKJIL,KALYANKJIL.NS,KALYANKJIL,Kalyan Jewellers India Limited
OFSS,OFSS.NS,OFSS,Oracle Financial Services Software Limited
MAHABANK,MAHABANK.NS,MAHABANK,Bank of Maharashtra
TATATECH,TATATECH.NS,TATATECH,Tata Technologies Limited
RVNL,RVNL.NS,RVNL,Rail Vikas Nigam Limited
SONACOMS,SONACOMS.NS,SONACOMS,Sona BLW Precision Forgings Limited
JSWINFRA,JSWINFRA.NS,JSWINFRA,JSW Infrastructure Limited
LTF,LTF.NS,LTF,L&T Finance Limited
PHOENIXLTD,PHOENIXLTD.NS,PHOENIXLTD,The Phoenix Mills Limited
ANGELONE,ANGELONE.NS,ANGELONE,Angel One Limited
CDSL,CDSL.NS,CDSL,Central Depository Services (India) Limited
FIVESTAR,FIVESTAR.NS,FIVESTAR,Five-Star Business Finance Limited
JBMA,JBMA.NS,JBMA,JBM Auto Limited
GSPL,GSPL.NS,GSPL,Gujarat State Petronet Limited
GRSE,GRSE.NS,GRSE,Garden Reach Shipbuilders & Engineers Limited
BLS,BLS.NS,BLS,BLS International Services Limited
TTML,TTML.NS,TTML,Tata Teleservices (Maharashtra) Limited
PEL,PEL.NS,PEL,Piramal Enterprises Limited
PATANJALI,PATANJALI.NS,PATANJALI,Patanjali Foods Limited
HINDPETRO,HINDPETRO.NS,HINDPETRO,Hindustan Petroleum Corporation Limited
FINCABLES,FINCABLES.NS,FINCABLES,Finolex Cables Limited
PPLPHARMA,PPLPHARMA.NS,PPLPHARMA,Piramal Pharma Limited
SIGNATURE,SIGNATURE.NS,SIGNATURE,Signatureglobal (India) Limited
RECLTD,RECLTD.NS,RECLTD,REC Limited
CONCOR,CONCOR.NS,CONCOR,Container Corporation of India Limited
TORNTPHARM,TORNTPHARM.NS,TORNTPHARM,Torrent Pharmaceuticals Limited
DMART,DMART.NS,DMART,Avenue Supermarts Limited
BAJAJHLDNG,BAJAJHLDNG.NS,BAJAJHLDNG,Bajaj Holdings & Investment Limited
PIDILITIND,PIDILITIND.NS,PIDILITIND,Pidilite Industries Limited
ICICIPRULI,ICICIPRULI.NS,ICICIPRULI,ICICI Prudential Life Insurance Company Limited
LODHA,LODHA.NS,LODHA,Macrotech Developers Limited
AUROPHARMA,AUROPHARMA.NS,AUROPHARMA,Aurobindo Pharma Limited
TORNTPOWER,TORNTPOWER.NS,TORNTPOWER,Torrent Power Limited
BHARTIHEXA,BHARTIHEXA.NS,BHARTIHEXA,BHARTI HEXACOM LIMITED
PAYTM,PAYTM.NS,PAYTM,One97 Communications Limited
PIIND,PIIND.NS,PIIND,PI Industries Limited
NYKAA,NYKAA.NS,NYKAA,FSN E-Commerce Ventures Limited
FEDERALBNK,FEDERALBNK.NS,FEDERALBNK,The Federal Bank Limited
SUNDARMFIN,SUNDARMFIN.NS,SUNDARMFIN,Sundaram Finance Limited
IREDA,IREDA.NS,IREDA,Indian Renewable Energy Development Agency Limited
BALKRISIND,BALKRISIND.NS,BALKRISIND,Balkrishna Industries Limited
BANDHANBNK,BANDHANBNK.NS,BANDHANBNK,Bandhan Bank Limited
HUDCO,HUDCO.NS,HUDCO,Housing and Urban Development Corporation Limited
BLUESTARCO,BLUESTARCO.NS,BLUESTARCO,Blue Star Limited
LALPATHLAB,LALPATHLAB.NS,LALPATHLAB,Dr. Lal PathLabs Limited
BSOFT,BSOFT.NS,BSOFT,Birlasoft Limited
CHENNPETRO,CHENNPETRO.NS,CHENNPETRO,Chennai Petroleum Corporation Limited
SONATSOFTW,SONATSOFTW.NS,SONATSOFTW,Sonata Software Limited
CHAMBLFERT,CHAMBLFERT.NS,CHAMBLFERT,Chambal Fertilisers and Chemicals Limited
WELSPUNLIV,WELSPUNLIV.NS,WELSPUNLIV,Welspun Living Limited
TRITURBINE,TRITURBINE.NS,TRITURBINE,Triveni Turbine Limited
ICICIGI,ICICIGI.NS,ICICIGI,ICICI Lombard General Insurance Company Limited
VEDL,VEDL.NS,VEDL,Vedanta Limited
IRFC,IRFC.NS,IRFC,Indian Railway Finance Corporation Limited
LICI,LICI.NS,LICI,Life Insurance Corporation of India
BHEL,BHEL.NS,BHEL,Bharat Heavy Electricals Limited
SAIL,SAIL.NS,SAIL,Steel Authority of India Limited
KPIL,KPIL.NS,KPIL,Kalpataru Projects International Limited
ZEEL,ZEEL.NS,ZEEL,Zee Entertainment Enterprises Limited
SWSOLAR,SWSOLAR.NS,SWSOLAR,Sterling and Wilson Renewable Energy Limited
DIVISLAB,DIVISLAB.NS,DIVISLAB,Divi's Laboratories Limited
JIOFIN,JIOFIN.NS,JIOFIN,Jio Financial Services Limited
ZOMATO,ZOMATO.NS,ZOMATO,Zomato Limited
AUBANK,AUBANK.NS,AUBANK,AU Small Finance Bank Limited
Zomato,Zomato.NS,Zomato,Zomato Limited
BOSCHLTD,BOSCHLTD.NS,BOSCHLTD,Bosch Limited
LTI Mindtree,LTIM.NS,LTIM,LTIMindtree Limited
CGPOWER,CGPOWER.NS,CGPOWER,CG Power and Industrial Solutions Limited
MANKIND,MANKIND.NS,MANKIND,Mankind Pharma Limited
YESBANK,YESBANK.NS,YESBANK,Yes Bank Limited
PAGEIND,PAGEIND.NS,PAGEIND,Page Industries Limited
SBICARD,SBICARD.NS,SBICARD,SBI Cards and Payment Services Limited
TIINDIA,TIINDIA.NS,TIINDIA,Tube Investments of India Limited
GODIGIT,GODIGIT.NS,GODIGIT,GO DIGIT GENERAL INS LTD
ASTERDM,ASTERDM.NS,ASTERDM,Aster DM Healthcare Limited
RBLBANK,RBLBANK.NS,RBLBANK,RBL Bank Limited
SHREECEM,SHREECEM.NS,SHREECEM,Shree Cement Limited
GODREJCP,GODREJCP.NS,GODREJCP,Godrej Consumer Products Limited
TVSMOTOR,TVSMOTOR.NS,TVSMOTOR,TVS Motor Company Limited
TATACHEM,TATACHEM.NS,TATACHEM,Tata Chemicals Limited
KPITTECH,KPITTECH.NS,KPITTECH,KPIT Technologies Limited
INDHOTEL,INDHOTEL.NS,INDHOTEL,The Indian Hotels Company Limited
TATACOMM,TATACOMM.NS,TATACOMM,Tata Communications Limited
NLCINDIA,NLCINDIA.NS,NLCINDIA,NLC India Limited
INDIANB,INDIANB.NS,INDIANB,Indian Bank
ASHOKLEY,ASHOKLEY.NS,ASHOKLEY,Ashok Leyland Limited
EXIDEIND,EXIDEIND.NS,EXIDEIND,Exide Industries Limited
GMRINFRA,GMRINFRA.NS,GMRINFRA,GMR Airports Limited
HBLPOWER,HBLPOWER.NS,HBLPOWER,HBL Power Systems Limited
RAMCOCEM,RAMCOCEM.NS,RAMCOCEM,The Ramco Cements Limited
APARINDS,APARINDS.NS,APARINDS,APAR Industries Limited
TEJASNET,TEJASNET.NS,TEJASNET,Tejas Networks Limited
AEGISLOG,AEGISLOG.NS,AEGISLOG,Aegis Logistics Limited
INOXWIND,INOXWIND.NS,INOXWIND,Inox Wind Limited
AARTIIND,AARTIIND.NS,AARTIIND,Aarti Industries Limited
TATAPOWER,TATAPOWER.NS,TATAPOWER,The Tata Power Company Limited
JSWENERGY,JSWENERGY.NS,JSWENERGY,JSW Energy Limited
UNIONBANK,UNIONBANK.NS,UNIONBANK,Union Bank of India
AMBUJACEM,AMBUJACEM.NS,AMBUJACEM,Ambuja Cements Limited
APLAPOLLO,APLAPOLLO.NS,APLAPOLLO,APL Apollo Tubes Limited
SOLARINDS,SOLARINDS.NS,SOLARINDS,Solar Industries India Limited
TATAELXSI,TATAELXSI.NS,TATAELXSI,Tata Elxsi Limited
MAXHEALTH,MAXHEALTH.NS,MAXHEALTH,Max Healthcare Institute Limited
ABCAPITAL,ABCAPITAL.NS,ABCAPITAL,Aditya Birla Capital Limited
SHYAMMETL,SHYAMMETL.NS,SHYAMMETL,Shyam Metalics and Energy Limited
JYOTHYLAB,JYOTHYLAB.NS,JYOTHYLAB,Jyothy Labs Limited
CENTRALBK,CENTRALBK.NS,CENTRALBK,Central Bank of India
BATAINDIA,BATAINDIA.NS,BATAINDIA,Bata India Limited
Vinatiorg,VINATIORGA.NS,VINATIORGA,Vinati Organics Limited
JINDALSTEL,JINDALSTEL.NS,JINDALSTEL,Jindal Steel & Power Limited
ADANIPOWER,ADANIPOWER.NS,ADANIPOWER,Adani Power Limited
ADANIGREEN,ADANIGREEN.NS,ADANIGREEN,Adani Green Energy Limited
MUTHOOTFIN,MUTHOOTFIN.NS,MUTHOOTFIN,Muthoot Finance Limited
IDFCFIRSTB,IDFCFIRSTB.NS,IDFCFIRSTB,IDFC First Bank Limited
COCHINSHIP,COCHINSHIP.NS,COCHINSHIP,Cochin Shipyard Limited
BHARATFORG,BHARATFORG.NS,BHARATFORG,Bharat Forge Limited
SUPREMEIND,SUPREMEIND.NS,SUPREMEIND,The Supreme Industries Limited
APOLLOTYRE,APOLLOTYRE.NS,APOLLOTYRE,Apollo Tyres Limited
CUMMINSIND,CUMMINSIND.NS,CUMMINSIND,Cummins India Limited
GODREJPROP,GODREJPROP.NS,GODREJPROP,Godrej Properties Limited
NATIONALUM,NATIONALUM.NS,NATIONALUM,National Aluminium Company Limited
SWANENERGY,SWANENERGY.NS,SWANENERGY,Swan Energy Limited
ZENSARTECH,ZENSARTECH.NS,ZENSARTECH,Zensar Technologies Limited
CENTURYTEX,CENTURYTEX.NS,CENTURYTEX,Aditya Birla Real Estate Limited
KARURVYSYA,KARURVYSYA.NS,KARURVYSYA,The Karur Vysya Bank Limited
LAURUSLABS,LAURUSLABS.NS,LAURUSLABS,Laurus Labs Limited
NATCOPHARM,NATCOPHARM.NS,NATCOPHARM,NATCO Pharma Limited
CASTROLIND,CASTROLIND.NS,CASTROLIND,Castrol India Limited
PNBHOUSING,PNBHOUSING.NS,PNBHOUSING,PNB Housing Finance Limited
NAVINFLUOR,NAVINFLUOR.NS,NAVINFLUOR,Navin Fluorine International Limited
BANKBARODA,BANKBARODA.NS,BANKBARODA,Bank of Baroda Limited
ADANI PORTS & SEZ,ADANIPORTS.NS,ADANIPORTS,Adani Ports and Special Economic Zone Limited 
DR. REDDYS LAB,DRREDDY.NS,DRREDDY,Dr. Reddy's Laboratories Limited 
M&M,M&M.NS,M&M,Mahindra & Mahindra Limited
SHRIRAM FINANCE,SHRIRAMFIN.NS,SHRIRAMFIN,Shriram Finance Limited
BANKINDIA, BANKINDIA.NS, BANKINDIA,Bank of India Limited
M&MFIN, M&MFIN.NS, M&MFIN,Mahindra & Mahindra Financial Services Limited
J&KBANK, J&KBANK.NS, J&KBANK,The Jammu and Kashmir Bank Limited
ARE&M, ARE&M.NS, ARE&M,Amara Raja Energy & Mobility Limited
Kalyan Jewellers India,KALYANKJIL.NS,KALYANKJIL,Kalyan Jewellers India
Indian Renewable Energy Development Agency,IREDA.NS,IREDA,Indian Renewable Energy Development Agency Limited
Hitachi Energy India,POWERINDIA.NS,POWERINDIA,Hitachi Energy India
Lloyds Metals & Energy,LLOYDSME.NS,LLOYDSME,Lloyds Metals & Energy
Ajanta Pharmaceuticals,AJANTPHARM.NS,AJANTPHARM,Ajanta Pharma Limited 
360 One Wam,360ONE.NS,360ONE,360 One Wam Limited
Star Health and Allied Insurance,STARHEALTH.NS,STARHEALTH,Star Health and Allied Insurance Company Limited
Kaynes Technology India,KAYNES.NS,KAYNES,Kaynes Technology India Limited 
NBCC India,NBCC.NS,NBCC,NBCC (India) Limited 
AUTHUM INVESTMENT & INFRASTRUCTU,AIIL.NS,AIIL,Authum Investment & Infrastructure Limited
Multi Commodity Exchange Of India,MCX.NS,MCX,Multi Commodity Exchange of India Limited 
Piramal Pharma,PPLPHARMA.NS,PPLPHARMA,Piramal Pharma Limited 
Dr. Lal Pathlabs,LALPATHLAB.NS,LALPATHLAB,Dr. Lal Path Labs Ltd.
TVS Holdings,TVSHLTD.NS,TVSHLTD,TVS Holdings Limited 
Amara Raja Energy & Mobility,ARE&M.NS,ARE&M,Amara Raja Energy & Mobility Limited
Five Star Business Finance,FIVESTAR.NS,FIVESTAR,Five-Star Business Finance Limited
Bikaji Foods International,BIKAJI.NS,BIKAJI,Bikaji Foods International Limited 
Devyani International,DEVYANI.NS,DEVYANI,Devyani International Limited
Signatureglobal India,SIGNATURE.NS,SIGNATURE,Signatureglobal (India) Limited
Nuvama Wealth Management,NUVAMA.NS,NUVAMA,Nuvama Wealth Management Limited
Affle India,AFFLE.NS,AFFLE,Affle (India) Limited
Triveni Turbines,TRIVENI.NS,TRIVENI,Triveni Engineering & Industries Limited
Krishna Instit Of Medical Scienc,KIMS.NS,KIMS,Krishna Institute of Medical Sciences Limited
Kalpataru Projects International,KPIL.NS,KPIL,Kalpataru Projects International Limited 
Chambal Fertilisers & Chemical,CHAMBLFERT.BO,CHAMBLFERT,Chambal Fertilisers and Chemicals Limited
Nestle India,NESTLEIND.NS,NESTLEIND,Nestlé India Limited 
Jio Financial Services,JIOFIN.NS,JIOFIN,Jio Financial Services Limited
Indian Railway Finance Corporation,IRFC.NS,IRFC,Indian Railway Finance Corporation Limited 
GAIL India,GAIL.NS,GAIL,GAIL (India) Limited
Divis Laboratories,DIVISLAB.BO,DIVISLAB,Divi's Laboratories Limited
Shriram Finance,SHRIRAMFIN.NS,SHRIRAMFIN,Shriram Finance Limited
Adani Energy Solutions,ADANIENSOL.NS,ADANIENSOL,Adani Energy Solutions Limited
Macrotech Developers,LODHA.NS,LODHA,Macrotech Developers Limited
Zydus Lifesciences,ZYDUSLIFE.NS,ZYDUSLIFE,Zydus Lifesciences
Info Edge India,NAUKRI.NS,NAUKRI,Info Edge (India) Limited
Life Insurance Corporation of India,LICI.NS,LICI,Life Insurance Corporation of India
APOLLO HOSPITALS,APOLLOHOSP.NS,APOLLOHOSP,Apollo Hospitals Enterprise Limited
ASIAN PAINTS,ASIANPAINT.NS,ASIANPAINT,Asian Paints Limited
AXIS BANK,AXISBANK.NS,AXISBANK,Axis Bank Limited
BAJAJ AUTO,BAJAJ-AUTO.NS,BAJAJ-AUTO,Bajaj Auto Limited
BAJAJ FINANCE,BAJFINANCE.NS,BAJFINANCE,Bajaj Finance Limited
BAJAJ FINSERV,BAJAJFINSV.NS,BAJAJFINSV,Bajaj Finserv Limited
BHARTI AIRTEL,BHARTIARTL.NS,BHARTIARTL,Bharti Airtel Limited
CIPLA,CIPLA.NS,CIPLA,Cipla Limited
COAL INDIA,COALINDIA.NS,COALINDIA,Coal India Limited
EICHER MOTORS,EICHERMOT.NS,EICHERMOT,Eicher Motors Limited
GRASIM,GRASIM.NS,GRASIM,Grasim Industries Limited
HCL TECHNOLOGIES,HCLTECH.NS,HCLTECH,HCL Technologies Limited
HDFC BANK,HDFCBANK.NS,HDFCBANK,HDFC Bank Limited
HDFC LIFE INSURANCE,HDFCLIFE.NS,HDFCLIFE,HDFC Life Insurance Company Limited
HERO MOTOCORP,HEROMOTOCO.NS,HEROMOTOCO,Hero MotoCorp Limited
HINDALCO,HINDALCO.NS,HINDALCO,Hindalco Industries Limited
ICICI BANK,ICICIBANK.NS,ICICIBANK,ICICI Bank Limited
INDUSIND BANK,INDUSINDBK.NS,INDUSINDBK,IndusInd Bank Limited
INFOSYS,HCL-INSYS.NS,HCL-INSYS,HCL Infosystems Limited
IOC,BIOCON.NS,BIOCON,Biocon Limited
ITC,ITC.NS,ITC,ITC Limited
JSW STEEL,JSWSTEEL.NS,JSWSTEEL,JSW Steel Limited
L&T,CAPTRUST.NS,CAPTRUST,Capital Trust Limited
MARUTI SUZUKI,MARUTI.NS,MARUTI,Maruti Suzuki India Limited
NTPC,NTPC.NS,NTPC,NTPC Limited
POWER GRID,POWERGRID.NS,POWERGRID,Power Grid Corporation of India Limited
RELIANCE IND.,RIIL.NS,RIIL,Reliance Industrial Infrastructure Limited
SBI LIFE INSURANCE,SBILIFE.NS,SBILIFE,SBI Life Insurance Company Limited
SUN PHARMA,SPARC.NS,SPARC,Sun Pharma Advanced Research Company Limited
TATA CONSUMER,TATACONSUM.NS,TATACONSUM,Tata Consumer Products Limited
TATA MOTORS,TATAMOTORS.NS,TATAMOTORS,Tata Motors Limited
TATA STEEL,TATASTLBSL.NS,TATASTLBSL,Tata Steel Bsl Limited
TECH MAHINDRA,TECHM.NS,TECHM,Tech Mahindra Limited
TITAN,TITAN.NS,TITAN,Titan Company Limited
TRENT,TRENT.NS,TRENT,Trent Limited
ULTRATECH CEMENT,ULTRACEMCO.NS,ULTRACEMCO,UltraTech Cement Limited
WIPRO,WIPRO.NS,WIPRO,Wipro Limited
BANDHAN BANK,BANDHANBNK.NS,BANDHANBNK,Bandhan Bank Limited
FEDERAL BANK,FEDERALBNK.NS,FEDERALBNK,The Federal Bank Limited
IDFC FIRST BANK,IDFCFIRSTB.NS,IDFCFIRSTB,IDFC First Bank Limited
PNB,PNBGILTS.NS,PNBGILTS,PNB Gilts Limited
RBL BANK,RBLBANK.NS,RBLBANK,RBL Bank Limited
GAIL,GAIL.NS,GAIL,GAIL (India) Limited
HAVELLS,HAVELLS.NS,HAVELLS,Havells India Limited
LTIM,3RDROCK.NS,3RDROCK,3rd Rock Multimedia Limited
NHPC,NHPC.NS,NHPC,NHPC Limited
SIEMENS,SIEMENS.NS,SIEMENS,Siemens Limited
ABB,ABB.NS,ABB,ABB India Limited
MOTHERSON,MOTHERSON.NS,MOTHERSON,Samvardhana Motherson International Limited 
HAL,CHALET.NS,CHALET,Chalet Hotels Limited
IOC,BIOCON.NS,BIOCON,Biocon Limited
DLF,DLF.NS,DLF,DLF Limited
DABUR,DABUR.NS,DABUR,Dabur India Limited
PETRONET,GSPL.NS,GSPL,Gujarat State Petronet Limited
BSE,BSE.NS,BSE,BSE Limited
MARICO,MARICO.NS,MARICO,Marico Limited
ALKEM,ALKEM.NS,ALKEM,Alkem Laboratories Limited
POLYCAB,POLYCAB.NS,POLYCAB,Polycab India Limited
VOLTAS,VOLTAS.NS,VOLTAS,Voltas Limited
LUPIN,LUPIN.NS,LUPIN,Lupin Limited
COFORGE,COFORGE.NS,COFORGE,Coforge Limited
ESCORTS,ESCORTS.NS,ESCORTS,Escorts Limited
ACC,ACC.NS,ACC,ACC Limited
FACT,DELTAMAGNT.NS,DELTAMAGNT,Delta Manufacturing Limited
NMDC,NMDC.NS,NMDC,NMDC Limited
SRF,SRF.NS,SRF,SRF Limited
UPL,UPL.NS,UPL,UPL Limited
ASTRAL,ASTRAL.NS,ASTRAL,Astral Limited
SJVN,SJVN.NS,SJVN,SJVN Limited
MRF,MRF.NS,MRF,MRF Limited
IDEA,IDEA.NS,IDEA,Vodafone Idea Limited
MPHASIS,MPHASIS.NS,MPHASIS,MphasiS Limited
IDBI,IDBI.NS,IDBI,IDBI Bank Limited
PRESTIGE,PRESTIGE.NS,PRESTIGE,Prestige Estates Projects Limited
BIOCON,BIOCON.NS,BIOCON,Biocon Limited
DIXON,DIXON.NS,DIXON,Dixon Technologies (India) Limited
PERSISTENT,PERSISTENT.NS,PERSISTENT,Persistent Systems Limited
SUZLON,SUZLON.NS,SUZLON,Suzlon Energy Limited
OIL,MOIL.NS,MOIL,MOIL Limited
AMBER,AMBER.NS,AMBER,Amber Enterprises India Limited
BEML,BEML.NS,BEML,BEML Limited
NH,NHPC.NS,NHPC,NHPC Limited
ACE,NILASPACES.NS,NILASPACES,Nila Spaces Limited
CROMPTON,CROMPTON.NS,CROMPTON,Crompton Greaves Consumer Electricals Limited
NCC,NCC.NS,NCC,NCC Limited
GLENMARK,GLENMARK.NS,GLENMARK,Glenmark Pharmaceuticals Limited
RAYMOND,RAYMOND.NS,RAYMOND,Raymond Limited
REDINGTON,REDINGTON.NS,REDINGTON,Redington (India) Limited
CYIENT,CYIENT.NS,CYIENT,Cyient Limited
TANLA,TANLA.NS,TANLA,Tanla Solutions Limited
AFFLE,AFFLE.NS,AFFLE,Affle (India) Limited
RADICO,RADICO.NS,RADICO,Radico Khaitan Limited
CREDITACC,CREDITACC.NS,CREDITACC,CreditAccess Grameen Limited
TRIDENT,TRIDENT.NS,TRIDENT,Trident Limited
ATUL,ATULAUTO.NS,ATULAUTO,Atul Auto Limited
OLECTRA,OLECTRA.NS,OLECTRA,Olectra Greentech Limited
ITI,BFUTILITIE.NS,BFUTILITIE,BF Utilities Limited
INDIAMART,INDIAMART.NS,INDIAMART,Indiamart Intermesh Limited
IIFL,IIFL.NS,IIFL,IIFL Finance Limited
IRCON,IRCON.NS,IRCON,Ircon International Limited
KEC,RKEC.NS,RKEC,RKEC Projects Limited
IDFC,IDFCFIRSTB.NS,IDFCFIRSTB,IDFC First Bank Limited
MANAPPURAM,MANAPPURAM.NS,MANAPPURAM,Manappuram Finance Limited
TITAGARH,TITAGARH.NS,TITAGARH,Titagarh Wagons Limited
CAMS,PRECAM.NS,PRECAM,Precision Camshafts Limited
AAVAS,AAVAS.NS,AAVAS,Aavas Financiers Limited
CESC,CESC.NS,CESC,CESC Limited
RITES,RITES.NS,RITES,RITES Limited
BRIGADE,BRIGADE.NS,BRIGADE,Brigade Enterprises Limited
IFCI,IFCI.NS,IFCI,IFCI Limited
INTELLECT,INTELLECT.NS,INTELLECT,Intellect Design Arena Limited
HFCL,HFCL.NS,HFCL,HFCL Limited
NBCC,NBCC.NS,NBCC,NBCC (India) Limited
Suzlon Energy,SUZLON.NS,SUZLON,Suzlon Energy Limited
SJVN,SJVN.NS,SJVN,SJVN Limited
Blue Star,BLUESTARCO.NS,BLUESTARCO,Blue Star Limited
Cochin Shipyard,COCHINSHIP.NS,COCHINSHIP,Cochin Shipyard Limited
Exide Industries,EXIDEIND.NS,EXIDEIND,Exide Industries Limited
GE T&D India,GET&D.NS,GET&D,GE T&D India Limited
Nippon Life,NAM-INDIA.NS,NAM-INDIA,Nippon Life India Asset Management Limited
BHARAT DYNAMICS,BDL.NS,BDL,Bharat Dynamics Limited
NLC India,NLCINDIA.NS,NLCINDIA,NLC India Limited
Apar Industries,APARINDS.NS,APARINDS,Apar Industries Limited
BASF India,BASF.NS,BASF,BASF India Limited
Hindustan Copper,HINDCOPPER.NS,HINDCOPPER,Hindustan Copper Limited
Emami,EMAMILTD.NS,EMAMILTD,Emami Limited
Sun TV Network,SUNTV.NS,SUNTV,Sun TV Network Limited
Inox Wind,INOXWIND.NS,INOXWIND,Inox Wind Limited
Gland Pharma,GLAND.NS,GLAND,Gland Pharma Limited
ICICI Securities,ISEC.NS,ISEC,ICICI Securities Limited
Timken India,TIMKEN.NS,TIMKEN,Timken India Limited
Gillette India,GILLETTE.NS,GILLETTE,Gillette India Limited
Radico Khaitan,RADICO.NS,RADICO,Radico Khaitan Limited
Aegis Logis,AEGISCHEM.NS,AEGISCHEM,Aegis Logistics Limited
CESC,CESC.NS,CESC,CESC Limited
Pfizer,PFIZER.NS,PFIZER,Pfizer Limited
Laurus Labs,LAURUSLABS.NS,LAURUSLABS,Laurus Labs Limited
ITI,BFUTILITIE.NS,BFUTILITIE,BF Utilities Limited
Angel Broking,ANGELBRKG.NS,ANGELBRKG,Angel Broking Limited
Natco Pharma,NATCOPHARM.NS,NATCOPHARM,Natco Pharma Limited
Anant Raj,ANANTRAJ.NS,ANANTRAJ,Anant Raj Limited
EIH,EIHOTEL.NS,EIHOTEL,EIH Limited
Poly Medicure,POLYMED.NS,POLYMED,Poly Medicure Limited
Kajaria Ceramics,KAJARIACER.NS,KAJARIACER,Kajaria Ceramics Limited
Castrol India,CASTROLIND.NS,CASTROLIND,Castrol India Limited
Atul,ATULAUTO.NS,ATULAUTO,Atul Auto Limited
KIOCL,KIOCL.NS,KIOCL,KIOCL Limited
Jindal Saw,JINDALSAW.NS,JINDALSAW,Jindal Saw Limited
Elgi Equipments,ELGIEQUIP.NS,ELGIEQUIP,Elgi Equipments Limited
Reliance Power,RPOWER.NS,RPOWER,Reliance Power Limited
JBM Auto,JBMA.NS,JBMA,JBM Auto Limited
HDFC Bank,HDFCBANK.NS,HDFCBANK,HDFC Bank Limited
Bharti Airtel,BHARTIARTL.NS,BHARTIARTL,Bharti Airtel Limited
ICICI Bank,ICICIBANK.NS,ICICIBANK,ICICI Bank Limited
Infosys,HCL-INSYS.NS,HCL-INSYS,HCL Infosystems Limited
ITC,ITC.NS,ITC,ITC Limited
Larsen & Toubro,LT.NS,LT,Larsen & Toubro Infotech Limited
HCL Technologies,HCLTECH.NS,HCLTECH,HCL Technologies Limited
Bajaj Finance,BAJFINANCE.NS,BAJFINANCE,Bajaj Finance Limited
NTPC,NTPC.NS,NTPC,NTPC Limited
Tata Motors,TATAMOTORS.NS,TATAMOTORS,Tata Motors Limited
Axis Bank,AXISBANK.NS,AXISBANK,Axis Bank Limited
Ultratech Cement,ULTRACEMCO.NS,ULTRACEMCO,UltraTech Cement Limited
Bajaj Auto,BAJAJ-AUTO.NS,BAJAJ-AUTO,Bajaj Auto Limited
Titan Company,TITAN.NS,TITAN,Titan Company Limited
Coal India,COALINDIA.NS,COALINDIA,Coal India Limited
Bajaj Finserv,BAJAJFINSV.NS,BAJAJFINSV,Bajaj Finserv Limited
Asian Paints,ASIANPAINT.NS,ASIANPAINT,Asian Paints Limited
Wipro,WIPRO.NS,WIPRO,Wipro Limited
Trent,TRENT.NS,TRENT,Trent Limited
Siemens,SIEMENS.NS,SIEMENS,Siemens Limited
JSW Steel,JSWSTEEL.NS,JSWSTEEL,JSW Steel Limited
Adani Power,ADANIPOWER.NS,ADANIPOWER,Adani Power Limited
Hindustan Zinc,HINDZINC.NS,HINDZINC,Hindustan Zinc Limited
DLF,DLF.NS,DLF,DLF Limited
Tata Steel,TATASTLBSL.NS,TATASTLBSL,Tata Steel Bsl Limited
Vedanta,VEDL.NS,VEDL,Vedanta Limited
Varun Beverages,VBL.NS,VBL,Varun Beverages Limited
ABB India,ABB.NS,ABB,ABB India Limited
Tech Mahindra,TECHM.NS,TECHM,Tech Mahindra Limited
Power Finance Corp,PFC.NS,PFC,Power Finance Corporation Limited
Ambuja Cements,AMBUJACEM.NS,AMBUJACEM,Ambuja Cements Limited
Tata Power,TATAPOWER.NS,TATAPOWER,Tata Power Company Limited
REC,HIRECT.NS,HIRECT,Hind Rectifiers Limited
Cipla,CIPLA.NS,CIPLA,Cipla Limited
Eicher Motors,EICHERMOT.NS,EICHERMOT,Eicher Motors Limited
TVS Motor Co,TVSMOTOR.NS,TVSMOTOR,TVS Motor Company Limited
Havells India,HAVELLS.NS,HAVELLS,Havells India Limited
JSW Energy,JSWENERGY.NS,JSWENERGY,JSW Energy Limited
Tata Consumer,TATACONSUM.NS,TATACONSUM,Tata Consumer Products Limited
United Spirits,UNITDSPR.NS,UNITDSPR,United Spirits Limited
Hero Motocorp,HEROMOTOCO.NS,HEROMOTOCO,Hero MotoCorp Limited
Polycab India,POLYCAB.NS,POLYCAB,Polycab India Limited
Bosch,BOSCHLTD.NS,BOSCHLTD,Bosch Limited
Indusind Bank,INDUSINDBK.NS,INDUSINDBK,IndusInd Bank Limited
Rail Vikas Nigam,RVNL.NS,RVNL,Rail Vikas Nigam Limited
Suzlon Energy,SUZLON.NS,SUZLON,Suzlon Energy Limited
UCOBANK,UCOBANK.NS,UCOBANK,UCO Bank
ADANI ENTERPRISES,ADANIENT.NS,ADANIENT,Adani Enterprises Limited
BHARAT ELECTRONICS,BEL.NS,BEL,Bharat Electronics Limited
HINDUSTAN UNILEVER,HINDUNILVR.NS,HINDUNILVR,Hindustan Unilever Limited
KOTAK MAHINDRA BANK,KOTAKBANK.NS,KOTAKBANK,Kotak Mahindra Bank Limited
AU SMALL FINANCE BANK,AUBANK.NS,AUBANK,AU Small Finance Bank Limited
Glenmark Pharmaceuticals,GLENMARK.NS,GLENMARK,Glenmark Pharmaceuticals Limited
Housing & Urban Development Corporation,HUDCO.NS,HUDCO,Housing & Urban Development Corporation Limited
Motilal Oswal Financial Services,MOTILALOFS.NS,MOTILALOFS,Motilal Oswal Financial Services Limited
National Aluminium Company,NATIONALUM.NS,NATIONALUM,National Aluminium Company Limited
Cholamandalam Financial Holdings,CHOLAHLDNG.NS,CHOLAHLDNG,Cholamandalam Financial Holdings Limited
Godrej Industries,GODREJIND.NS,GODREJIND,Godrej Industries Limited
IPCA Laboratories,IPCALAB.NS,IPCALAB,IPCA Laboratories Limited
The New India Assurance Company,NIACL.NS,NIACL,The New India Assurance Company Limited
IRB Infrastructure Developers,IRB.NS,IRB,IRB Infrastructure Developers Limited
Godfrey Phillips India,GODFRYPHLP.NS,GODFRYPHLP,Godfrey Phillips India Limited
Tata Investment Corporation,TATAINVEST.NS,TATAINVEST,Tata Investment Corporation Limited
Brigade Enterprises,BRIGADE.NS,BRIGADE,Brigade Enterprises Limited
Aditya Birla Fashion & Retail,ABFRL.NS,ABFRL,Aditya Birla Fashion and Retail Limited
Century Textiles & Industries,CENTURYTEX.NS,CENTURYTEX,Century Textiles & Industries Limited
Himadri Speciality Chemical,HSCL.NS,HSCL,Himadri Speciality Chemical Limited
Mangalore Refinery & Petrochemicals,MRPL.NS,MRPL,Mangalore Refinery and Petrochemicals Limited
Suven Pharmaceuticals,SUVENPHAR.NS,SUVENPHAR,Suven Pharmaceuticals Limited
Whirlpool Of India,WHIRLPOOL.NS,WHIRLPOOL,Whirlpool of India Limited
Carborundum Universal,CARBORUNIV.NS,CARBORUNIV,Carborundum Universal Limited
Crompton Greaves Consumer Electricals,CROMPTON.NS,CROMPTON,Crompton Greaves Consumer Electricals Limited
Sumitomo Chemical India,SUMICHEM.NS,SUMICHEM,Sumitomo Chemical India Limited
KEC International,KEC.NS,KEC,KEC International Limited
JB Chemicals & Pharmaceuticals,JBCHEPHARM.NS,JBCHEPHARM,JB Chemicals & Pharmaceuticals Limited
Ratnamani Metals & Tubes,RATNAMANI.NS,RATNAMANI,Ratnamani Metals & Tubes Limited
Shyam Metalics & Energy,SHYAMMETL.NS,SHYAMMETL,Shyam Metalics and Energy Ltd
Narayana Hrudayalaya,NH.NS,NH,Narayana Hrudayalaya Ltd.
PNB Housing Finance,PNBHOUSING.NS,PNBHOUSING,PNB Housing Finance Limited
Kansai Nerolac Paints,KANSAINER.NS,KANSAINER,Kansai Nerolac Paints Limited
Alembic Pharmaceuticals,APLLTD.NS,APLLTD,Alembic Pharmaceuticals Limited
Gujarat State Petronet,GSPL.NS,GSPL,Gujarat State Petronet Limited
Piramal Enterprises,PEL.NS,PEL,Piramal Enterprises Limited
Computer Age Management Services,CAMS.NS,CAMS,Computer Age Management Services Limited
Reliance Industries,RELIANCE.NS,RELIANCE,Reliance Industries Limited
Tata Consultancy Services,TCS.NS,TCS,Tata Consultancy Services Limited
Hindustan Unilever,HINDUNILVR.NS,HINDUNILVR,Hindustan Unilever Limited
Sun Pharmaceutical Industries,SUNPHARMA.NS,SUNPHARMA,Sun Pharmaceutical Industries Limited
Maruti Suzuki India,MARUTI.NS,MARUTI,Maruti Suzuki India Limited
Mahindra & Mahindra,KOTAKBANK.NS,KOTAKBANK,Kotak Mahindra Bank Limited
Oil & Natural Gas Corporation,ONGC.NS,ONGC,Oil & Natural Gas Corporation Limited
Kotak Mahindra Bank,KOTAKBANK.NS,KOTAKBANK,Kotak Mahindra Bank Limited
Adani Enterprises,ADANIENT.NS,ADANIENT,Adani Enterprises Limited
Avenue Supermarts,DMART.NS,DMART,Avenue Supermarts Limited
Power Grid Corporation Of India,POWERGRID.NS,POWERGRID,Power Grid Corporation of India Limited
Adani Ports & Special Economic Zone,ADANIPORTS.NS,ADANIPORTS,Adani Ports and Special Economic Zone Limited
Adani Green Energy,ADANIGREEN.NS,ADANIGREEN,Adani Green Energy Limited
Hindustan Aeronautics,HAL.NS,HAL,Hindustan Aeronautics Limited
Indian Oil Corporation,IOC.NS,IOC,Indian Oil Corporation Limited
Bharat Electronics,BEL.NS,BEL,Bharat Electronics Limited
Interglobe Aviation,INDIGO.NS,INDIGO,InterGlobe Aviation Limited
Grasim Industries,GRASIM.NS,GRASIM,Grasim Industries Limited
SBI Life Insurance Company,SBILIFE.NS,SBILIFE,SBI Life Insurance Company Limited
Pidilite Industries,PIDILITIND.NS,PIDILITIND,Pidilite Industries Limited
Hindalco Industries,HINDALCO.NS,HINDALCO,Hindalco Industries Limited
Britannia Industries,BRITANNIA.NS,BRITANNIA,Britannia Industries Limited
Bharat Petroleum Corporation,BPCL.NS,BPCL,Bharat Petroleum Corporation Limited
HDFC Life Insurance Company,HDFCLIFE.NS,HDFCLIFE,HDFC Life Insurance Company Limited
Godrej Consumer Products,GODREJCP.NS,GODREJCP,Godrej Consumer Products Limited
Cholamandalam Investment & Finance Company,CHOLAFIN.NS,CHOLAFIN,Cholamandalam Investment and Finance Company Limited
Bajaj Holdings & Investment,BAJAJHLDNG.NS,BAJAJHLDNG,Bajaj Holdings & Investment Limited
Torrent Pharmaceuticals,TORNTPHARM.NS,TORNTPHARM,Torrent Pharmaceuticals Limited
CG Power & Industrial Solutions,CGPOWER.NS,CGPOWER,CG Power and Industrial Solutions Limited
ICICI Prudential Life Insurance Company,ICICIPRULI.NS,ICICIPRULI,ICICI Prudential Life Insurance Company Limited
Jindal Steel & Power,JINDALSTEL.NS,JINDALSTEL,Jindal Steel & Power Limited
ICICI Lombard General Insurance Company,ICICIGI.NS,ICICIGI,ICICI Lombard General Insurance Company Limited
Colgate Palmolive India,COLPAL.NS,COLPAL,Colgate Palmolive (India) Limited
Solar Industries India,SOLARINDS.NS,SOLARINDS,Solar Industries India Limited
Bank Of Maharashtra,MAHABANK.NS,MAHABANK,Bank of Maharashtra
State Bank Of India,SBIN.NS,SBIN,State Bank of India
Bank Of Baroda,BANKBARODA.NS,BANKBARODA,Bank of Baroda
Punjab National Bank,PNB.NS,PNB,Punjab National Bank
Indian Overseas Bank,IOB.NS,IOB,Indian Overseas Bank
